doc,purpose,description,scope,requirements,assumptions and dependencies,architecture,users
SRS1,purpose,description,scope,requirements,assumptions and dependencies,architecture,users
SRS2,,,,,,,
SRS3,,,,,,,
SRS4,,,,,,,
SRS5,,,,,,,
SRS6,,,,,,,
SRS7,,,,,,,
SRS8,,,,,,,
SRS9,,,,,,,
SRS10,,,,,,,
SRS11,,,,,,,
SRS12,,,,,,,
SRS13,,,,,,,
SRS14,,,,,,,
SRS15,,,,,,,
SRS16,,,,,,,
SRS17,,,,,,,
SRS18,,,,,,,
SRS19,,,,,,,
SRS20,,,,,,,
SRS21,,,,,,,
SRS22,,,,,,,
SRS23,,,,,,,
SRS24,,,,,,,
SRS25,,,,,,,
SRS26,,,,,,,
SRS27,,,,,,,
SRS28,,,,,,,
SRS29,,,,,,,
SRS30,,,,,,,
SRS31,,,,,,,
SRS32,,,,,,,
SRS33,,,,,,,
SRS34,,,,,,,
SRS35,,,,,,,
SRS36,,,,,,,
SRS37,,,,,,,
SRS38,,,,,,,
SRS39,,,,,,,
SRS40,,,,,,,
SRS41,,,,,,,
SRS42,,,,,,,
SRS43,,,,,,,
SRS44,,,,,,,
SRS45,,,,,,,
SRS46,,,,,,,
SRS47,,,,,,,
SRS48,,,,,,,
SRS49,,,,,,,